PDB ID,Count
1a1t,55
1a34,8820
1a4t,19
1a9n,256
1aq3,23220
1aq4,23220
1asy,980
1asz,980
1aud,101
1av6,290
1b23,406
1b2m,104
1b7f,167
1biv,17
1bmv,33540
1c04,488
1c0a,585
1c2w,0
1c2x,0
1c9s,768
1cgm,7840
1cvj,169
1cwp,28620
1d6k,94
1ddl,33060
1dfu,94
1di2,129
1dk1,86
1drz,95
1dul,69
1dv4,280
1dz5,202
1e7k,125
1e8o,296
1e8s,147
1ec6,87
1efw,580
1eg0,1366
1eiy,2260
1ekz,76
1emi,136
1eqq,464
1etf,23
1etg,23
1euq,529
1euy,529
1exd,529
1exy,16
1f6u,55
1f7u,607
1f7v,606
1f7y,86
1f8v,62940
1fcw,0
1feu,185
1ffk,3656
1ffy,917
1fg0,0
1fje,175
1fjg,2404
1fka,890
1fnx,174
1foq,0
1fxl,167
1g1x,232
1g2e,167
1g59,468
1g70,16
1gax,862
1gsg,526
1gtf,767
1gtn,769
1gtr,529
1gts,529
1h1k,0
1h2c,1000
1h2d,988
1h3e,856
1h4q,929
1h4s,946
1hc8,74
1hji,26
1hnw,2401
1hnx,2401
1hnz,2401
1hq1,76
1hr0,2467
1hvu,954
1i5l,506
1i6u,129
1i94,2410
1i95,2410
1i96,2496
1i97,2410
1i9f,19
1ibk,2396
1ibl,2393
1ibm,2396
1il2,585
1ivs,862
1j1u,600
1j2b,1152
1j5a,385
1j5e,2396
1jbr,149
1jbs,149
1jbt,149
1jgo,2396
1jgp,2396
1jgq,2396
1jid,114
1jj2,3701
1jzx,385
1jzy,385
1jzz,385
1k01,385
1k1g,122
1k73,3701
1k8a,3701
1k8w,304
1k9m,3701
1kc8,3701
1kd1,3701
1knz,292
1kog,802
1kq2,365
1kqs,3702
1kuq,84
1l1c,110
1l9a,87
1laj,32400
1lng,87
1ls2,386
1lu3,0
1m1k,3701
1m5k,92
1m5o,92
1m5p,92
1m5v,94
1m8v,995
1m8w,340
1m8x,341
1m8y,341
1m90,3702
1mfq,215
1mj1,787
1mji,359
1ml5,5089
1mms,133
1mnb,14
1mvr,257
1mzp,217
1n1h,1264
1n32,2389
1n33,2389
1n34,2389
1n35,1264
1n36,2389
1n38,1264
1n77,468
1n78,468
1n8r,3701
1nb7,566
1nji,3701
1njm,347
1njn,0
1njo,0
1njp,347
1nkw,3422
1nwx,3422
1nwy,3422
1nyb,22
1o0b,530
1o0c,530
1ob2,394
1ob5,1203
1oln,149
1ond,188
1ooa,313
1p6v,125
1p9x,0
1pgl,33300
1pn7,257
1pn8,257
1pvo,2397
1q2r,376
1q2s,376
1q81,3701
1q82,3701
1q86,3703
1qa6,67
1qd7,846
1qf6,641
1qfq,35
1qrs,529
1qrt,529
1qru,529
1qtq,529
1qu2,917
1qu3,880
1qvf,3701
1qvg,3701
1qza,0
1qzb,0
1qzc,124
1qzw,432
1r2w,134
1r2x,133
1r3e,305
1r9f,242
1rc7,440
1rgo,70
1rkj,175
1rlg,113
1rmv,7644
1rpu,275
1ry1,675
1s03,127
1s72,3775
1sds,336
1ser,793
1si3,240
1sj3,95
1sj4,95
1sjf,95
1sm1,3425
1sz1,874
1t0k,462
1t1m,184
1t1o,0
1t2r,123
1t4l,90
1tfw,874
1tfy,874
1trj,314
1ttt,406
1u0b,461
1u1y,23220
1u63,214
1u6b,95
1u6p,56
1ull,17
1un6,87
1uon,1264
1urn,96
1utd,785
1uvi,664
1uvj,664
1uvl,664
1uvm,664
1uvn,664
1vbx,95
1vby,95
1vbz,95
1vc0,95
1vc5,95
1vc6,95
1vfg,342
1vq4,3775
1vq5,3775
1vq6,3776
1vq7,3775
1vq8,3776
1vq9,3776
1vqk,3776
1vql,3775
1vqm,3775
1vqn,3776
1vqo,3775
1vqp,3775
1vtm,7742
1vvj,5785
1vy4,5803
1vy5,5802
1vy6,5802
1vy7,5802
1w2b,3750
1wmq,864
1wne,476
1wpu,888
1wrq,864
1wsu,469
1wwd,56
1wwe,56
1wwf,56
1wwg,56
1wz2,948
1x18,869
1x1l,292
1xbp,3419
1xmo,2396
1xmq,2396
1xnq,2396
1xnr,2396
1xok,33
1xpo,408
1xpr,408
1xpu,408
1y39,74
1y69,333
1yhq,3775
1yi2,3775
1yij,3775
1yit,3778
1yj9,3775
1yjn,3775
1yjw,3778
1ysh,261
1ytu,410
1yty,184
1yvp,529
1yyk,442
1yyo,439
1yyw,438
1yz9,438
1z58,0
1zbh,1028
1zbn,17
1zc8,535
1zdh,23220
1zdi,23220
1zdj,23220
1zdk,23220
1ze2,300
1zh5,185
1zho,228
1zjw,530
1zl3,302
1zn0,840
1zn1,282
1zo1,572
1zo3,0
1zse,23220
1zzn,95
2a1r,592
2a8v,118
2a9x,14
2aar,271
2ab4,300
2ad9,98
2adb,127
2adc,208
2agn,0
2ake,748
2ann,148
2anr,155
2asb,226
2atw,223
2az0,141
2az2,140
2azx,778
2b2d,23220
2b2e,23220
2b2g,23220
2b3j,302
2b63,3918
2b6g,81
2bbv,59100
2bgg,395
2bh2,419
2bny,23220
2bq5,23220
2bs0,23220
2bs1,23220
2bte,878
2bu1,23220
2bx2,2000
2byt,877
2c06,220
2c0b,1952
2c4q,23220
2c4r,1964
2c4y,23220
2c4z,23220
2c50,23220
2c51,23220
2cjk,167
2csx,464
2ct8,465
2cv0,470
2cv1,470
2cv2,469
2czj,122
2d3o,369
2d6f,1855
2db3,420
2der,348
2det,365
2deu,364
2dlc,678
2dr2,748
2dr5,437
2dr7,437
2dr8,437
2dr9,437
2dra,437
2drb,437
2du3,2002
2du4,1862
2du5,2002
2du6,2002
2dvi,431
2dxi,469
2e5l,2377
2e9r,476
2e9t,474
2e9z,476
2ec0,470
2err,88
2ese,81
2ez6,436
2f4v,2380
2f8k,84
2f8s,704
2f8t,704
2fk6,614
2fmt,315
2ftc,2093
2fy1,108
2fz2,32520
2g4b,344
2gic,4172
2gje,292
2gjw,612
2go5,755
2gtt,4420
2gxb,125
2hgh,87
2hhh,2396
2ht1,1944
2hvy,568
2hw8,228
2hyi,683
2i2y,150
2i82,217
2i91,520
2ihx,50
2ix1,643
2iy3,449
2iy5,2234
2iz8,23220
2iz9,23220
2izm,23220
2izn,23220
2j0q,687
2j0s,667
2j28,3826
2j37,829
2jea,2145
2jlu,451
2jlv,451
2jlw,450
2jlx,451
2jly,451
2jlz,451
2jpp,106
2jq7,150
2kdq,13
2kfy,102
2kg0,92
2kg1,105
2kh9,86
2km8,251
2kmj,0
2kx5,17
2kxn,95
2l2k,71
2l3c,74
2l3j,236
2l41,77
2l5d,134
2la5,17
2lbs,90
2leb,101
2lec,101
2li8,63
2lup,90
2m8d,91
2mb0,95
2mf0,354
2mf1,354
2mfc,118
2mfe,118
2mff,118
2mfg,118
2mfh,118
2mgz,199
2mjh,142
2mki,203
2mkk,213
2mkn,44
2mqo,105
2mqp,118
2mqq,215
2mqv,56
2ms0,111
2ms1,55
2mtv,156
2mxy,105
2mz1,105
2n3o,123
2n7c,89
2n82,104
2n8l,191
2n8m,191
2noq,528
2nqp,527
2nr0,528
2nre,518
2nue,440
2nuf,438
2nug,434
2nz4,90
2o43,0
2o44,0
2o45,0
2ob7,237
2ogm,205
2ogn,205
2ogo,205
2oih,95
2oj3,95
2om3,7546
2om7,1206
2otj,3775
2otl,3775
2ozb,365
2pjp,121
2ply,212
2po1,1509
2pxb,69
2pxd,69
2pxe,69
2pxf,69
2pxk,69
2pxl,69
2pxp,69
2pxq,69
2pxt,69
2pxu,69
2pxv,69
2py9,141
2q66,519
2qa4,3919
2qex,3775
2qqp,131220
2qux,244
2r1g,376
2r7r,1073
2r7s,1073
2r7t,1073
2r7u,1073
2r7v,1073
2r7w,1073
2r7x,1073
2r8s,433
2r92,3926
2r93,3926
2rd2,529
2rdo,4470
2re8,530
2rfk,461
2rkj,734
2rqc,115
2rra,99
2rs2,84
2rsk,24
2ru3,103
2ru7,24
2tmv,7546
2uu9,2404
2uua,2404
2uub,2404
2uuc,2404
2uwm,396
2uxb,2404
2uxc,2404
2uxd,2404
2v0g,877
2v3c,491
2vaz,86
2vnu,694
2vod,187
2von,187
2voo,179
2vop,184
2vpl,137
2vqe,2405
2vqf,2404
2vrt,468
2w2h,292
2wj8,3752
2ww9,1446
2wwa,1446
2wwb,1455
2wyy,62100
2x1a,87
2x1f,94
2x7n,412
2xb2,696
2xbm,519
2xc7,104
2xd0,162
2xdb,162
2xdd,486
2xea,7546
2xfm,120
2xgj,964
2xkv,602
2xli,167
2xlj,178
2xlk,181
2xnr,75
2xpj,31800
2xs2,88
2xs5,83
2xs7,86
2xxa,697
2xzl,756
2xzo,613
2y8w,215
2y8y,201
2y9h,213
2yh1,195
2yhm,3750
2yjy,341
2ykg,636
2ykr,2637
2z9q,0
2zh1,437
2zh2,437
2zh3,437
2zh4,437
2zh5,437
2zh6,437
2zh7,436
2zh8,437
2zh9,437
2zha,437
2zhb,436
2zi0,115
2zjp,3274
2zjq,3333
2zjr,3189
2zko,140
2zm5,306
2zm6,2357
2zni,558
2zue,628
2zuf,628
2zxu,306
2zzm,333
2zzn,336
3a2k,462
3a6p,1242
3adb,497
3adc,485
3add,490
3adi,71
3adl,76
3aev,345
3af6,637
3agv,385
3ahu,396
3akz,464
3al0,1519
3am1,472
3amt,417
3amu,402
3avt,1203
3avu,1203
3avv,1203
3avw,1203
3avx,1203
3avy,1203
3b0u,312
3b0v,315
3bbv,0
3bbx,3237
3bo0,539
3bo1,539
3bo2,95
3bo3,95
3boy,888
3bsb,341
3bsn,479
3bso,479
3bsx,341
3bt7,369
3bx2,328
3bx3,325
3cc2,3775
3cc4,3775
3cc7,3775
3cce,3775
3ccj,3775
3ccl,3775
3ccm,3775
3ccq,3775
3ccr,3775
3ccs,3775
3ccu,3775
3ccv,3775
3cd6,3775
3cf5,3278
3ciy,1329
3cma,3776
3cme,3776
3cpw,3705
3cul,92
3cun,91
3cw1,706
3cxc,3701
3cz3,222
3d2s,67
3dd2,288
3deg,809
3dg0,0
3dg2,0
3dg4,0
3dg5,0
3dh3,241
3dkn,527
3dll,3166
3egz,364
3ep2,657
3eph,804
3epj,804
3epk,804
3epl,804
3eq3,657
3eq4,657
3eqt,269
3er9,733
3erc,733
3ex7,687
3fht,392
3foz,608
3fte,233
3ftf,247
3fwo,0
3g0h,408
3g4s,3775
3g6e,3775
3g71,3775
3g8s,90
3g8t,90
3g96,90
3g9c,90
3g9y,29
3gib,382
3gpq,160
3h5x,470
3h5y,474
3hax,503
3hay,575
3hhn,185
3hhz,4940
3hjw,500
3hjy,373
3hl2,1772
3hsb,404
3htx,780
3i56,3775
3i5x,509
3i5y,509
3i61,509
3i62,509
3iab,255
3ice,2432
3icq,1116
3id5,1428
3ie1,431
3iem,431
3iev,302
3irw,90
3ivk,437
3iwn,91
3iy8,1051
3iy9,2131
3iyq,122
3iyr,143
3iz4,118
3izd,0
3izy,537
3izz,245
3j06,7595
3j0d,449
3j0e,1010
3j0l,1182
3j0o,974
3j0p,547
3j0q,920
3j16,2073
3j28,0
3j29,0
3j2a,0
3j2b,0
3j2c,0
3j2d,0
3j2e,0
3j2f,0
3j2g,0
3j2h,0
3j3v,2800
3j3w,2445
3j45,820
3j46,1154
3j5l,3282
3j5s,1167
3j5y,842
3j6b,6712
3j6x,11284
3j6y,11284
3j77,11631
3j78,11557
3j79,6244
3j7a,4106
3j7o,6457
3j7p,12501
3j7q,6911
3j7r,11950
3j7y,7469
3j7z,3453
3j80,5039
3j81,5686
3j8g,3965
3j92,7246
3j9b,888
3j9m,12902
3j9w,5661
3j9y,6657
3j9z,7125
3ja1,7125
3jag,12666
3jah,12664
3jai,12664
3jaj,12521
3jam,5056
3jan,12490
3jap,7272
3jb7,1733
3jb9,9194
3jbn,10323
3jbo,10323
3jbp,10323
3jbu,5599
3jbv,5734
3jcd,5982
3jce,6547
3jcj,6249
3jcm,8416
3jcn,6123
3jcr,9200
3jcs,5847
3jct,10503
3jd5,5303
3jq4,0
3k0j,178
3k49,353
3k4e,343
3k5q,400
3k5y,400
3k5z,394
3k61,393
3k62,400
3k64,400
3kfu,3375
3klv,476
3kmq,476
3kms,476
3kna,476
3koa,476
3ks8,246
3ktv,106
3ktw,92
3l25,492
3l26,492
3l3c,90
3lob,57180
3lqx,69
3lrn,242
3lrr,242
3lwo,490
3lwp,490
3lwq,486
3lwr,490
3lwv,490
3m7n,2044
3m85,2046
3mdg,410
3mdi,406
3mj0,118
3moj,75
3mqk,455
3mum,87
3mur,90
3mut,90
3muv,90
3mxh,87
3ncu,240
3ndb,507
3nl0,475
3nma,476
3nmr,175
3nmu,714
3nna,175
3nnc,175
3nnh,171
3nvi,736
3nvk,1422
3o3i,216
3o6e,214
3o7v,214
3o8c,1290
3o8r,1290
3og8,254
3oij,431
3oin,435
3ol6,461
3ol7,461
3ol8,461
3ol9,461
3olb,461
3oto,2387
3ouy,878
3ov7,878
3ova,860
3ovb,878
3ovs,878
3ow2,3701
3p49,94
3p6y,549
3pdm,7938
3pew,391
3pey,391
3pf4,66
3pf5,66
3pio,3167
3pip,3167
3pkm,229
3pla,1450
3ptx,4172
3pu0,4172
3pu1,4172
3pu4,4172
3q0l,341
3q0m,337
3q0n,341
3q0o,341
3q0p,341
3q0q,343
3q0r,343
3q0s,343
3q1q,112
3q1r,112
3q2t,593
3qg9,400
3qgb,400
3qgc,400
3qjj,240
3qjl,480
3qjp,240
3qrp,214
3qrr,204
3qsu,364
3qsy,505
3r1h,92
3r1l,92
3r2c,217
3r2d,211
3r9w,302
3r9x,537
3rc8,610
3rer,368
3rtj,520
3rw6,245
3s4g,11040
3siu,360
3siv,726
3sn2,848
3snp,850
3sqw,508
3sqx,508
3t1h,2396
3t1y,2396
3t3n,1100
3t3o,1106
3t5n,282
3t5q,306
3trz,260
3ts0,272
3ts2,272
3tup,404
3u2e,515
3u4m,228
3u56,228
3ucu,87
3ucz,91
3ud3,87
3ud4,87
3umy,228
3uzs,1015
3uzt,586
3v11,676
3v6y,393
3v71,364
3v74,394
3v7e,81
3vjr,386
3vnu,1203
3vnv,1203
3vyx,95
3vyy,86
3w1k,4520
3w3s,1054
3wbm,345
3wc1,952
3wc2,952
3wfq,405
3wfr,405
3wfs,403
3wqy,1810
3wqz,1809
3wzi,212
3zc0,1512
3zd6,632
3zd7,623
3zgz,860
3zjt,820
3zju,820
3zjv,813
3zla,916
3zn8,703
484d,17
4a2i,2630
4a2x,240
4a36,523
4adv,2605
4adx,4222
4afy,501
4al5,189
4al6,157
4al7,155
4alp,686
4am3,1864
4ang,23580
4aq7,861
4aqy,2397
4arc,814
4ari,821
4as1,812
4ato,504
4ay2,628
4b3g,614
4b3m,2404
4b3r,2404
4b3s,2404
4b3t,2404
4b8t,106
4ba2,2163
4bbl,9906
4bhh,909
4bkk,8510
4bpb,634
4bs2,174
4bts,20709
4bw0,117
4by9,2856
4c4q,0
4c4w,306
4c7o,564
4c8y,468
4c8z,469
4c9d,522
4ce4,3572
4cio,97
4cqn,860
4csf,1494
4csu,3868
4cxg,562
4cxh,563
4d25,427
4d26,430
4d5l,4779
4d5n,436
4d5y,6567
4d61,5641
4d67,6567
4db2,512
4dr1,2377
4dr2,2393
4dr3,2377
4dr4,2394
4dr5,2394
4dr6,2390
4dr7,2390
4duy,2377
4duz,2377
4dv0,2377
4dv1,2377
4dv2,2377
4dv3,2377
4dv4,2377
4dv5,2377
4dv6,2377
4dv7,2377
4dwa,154
4dzs,328
4e78,538
4ed5,168
4ejt,278
4erd,108
4eya,1096
4f02,195
4f1n,904
4f3t,801
4fsj,59220
4ftb,60060
4fte,59220
4fts,59160
4fvu,208
4fwt,1203
4g0a,2496
4g9z,205
4gcw,307
4gha,488
4ghl,498
4gkj,2396
4gkk,2396
4gl2,617
4gv3,207
4gv6,207
4gv9,198
4h5o,1218
4h5p,976
4hor,482
4hos,482
4hot,476
4ht8,362
4ht9,364
4i67,76
4ifd,3373
4ig8,338
4ii9,339
4ijs,928
4ill,556
4ilm,560
4io9,3189
4ioa,3189
4ioc,3189
4iqx,476
4j1g,910
4j39,244
4j5v,244
4j7l,358
4j7m,358
4jgn,250
4ji0,2377
4ji1,2388
4ji2,2377
4ji3,2377
4ji4,2377
4ji5,2377
4ji6,2377
4ji7,2377
4ji8,2377
4jk0,240
4jng,887
4jnx,248
4jv5,2382
4jvh,352
4jvy,381
4jxx,536
4jxz,538
4jya,2382
4jyz,542
4jzu,157
4jzv,158
4k0k,2392
4k4s,462
4k4t,462
4k4u,462
4k4w,462
4k4x,463
4k4z,462
4k50,460
4khp,2382
4kji,129
4knq,244
4kq0,244
4kr2,916
4kr3,934
4kr6,776
4kr7,772
4kr9,772
4kre,799
4krf,817
4ktg,242
4kvb,2293
4kxt,806
4kzd,440
4kze,440
4kzx,4977
4kzy,5059
4kzz,4974
4l47,5833
4l71,5833
4l8h,244
4l8r,343
4lck,81
4lel,5833
4lf4,2398
4lf5,2393
4lf6,2398
4lf7,2395
4lf8,2395
4lf9,2398
4lfa,2398
4lfb,2398
4lfc,2398
4lfz,5833
4lg2,488
4lgt,251
4lj0,129
4lmz,176
4lnt,5833
4lq3,495
4lsk,5833
4lt8,5833
4m2z,438
4m30,438
4m4o,129
4m59,1370
4m6d,129
4m7a,506
4m7d,528
4mdx,230
4n0t,363
4n2q,396
4n2s,394
4n48,405
4ngb,276
4ngc,276
4ngd,280
4ngf,260
4ngg,267
4nh3,268
4nh5,271
4nh6,272
4nha,234
4nia,8640
4nku,320
4nl3,433
4nxm,2377
4nxn,2377
4o26,240
4o8j,341
4oau,1384
4oav,1347
4oe1,1370
4ohy,398
4ohz,400
4oi0,398
4oi1,395
4ola,789
4olb,796
4oo1,2741
4oog,960
4oq8,8640
4oq9,8640
4ox9,2615
4p3e,284
4p6f,5841
4p70,5833
4pdb,129
4peh,349
4pei,349
4pjo,686
4pkd,240
4pmi,315
4pmw,691
4pr6,95
4prf,95
4q9q,440
4q9r,437
4qei,1124
4qg3,228
4qi2,153
4qik,302
4qil,299
4qm6,342
4qoz,350
4qpx,495
4qqb,241
4qu6,99
4qu7,81
4qvc,364
4qvd,364
4qvi,229
4r3i,164
4r8i,68
4rcj,188
4rcm,164
4rdx,820
4rmo,310
4rqe,914
4rqf,927
4rwn,349
4rwo,347
4rwp,346
4s2x,158
4s2y,155
4s3n,343
4tu0,162
4tua,5833
4tub,5833
4tuc,5833
4tud,5833
4tue,5833
4tuw,71
4tux,71
4tv0,47
4tvx,3360
4tyw,508
4tyy,505
4tz0,508
4tz6,504
4tzp,81
4tzv,81
4tzw,81
4tzz,81
4u1u,5912
4u1v,5912
4u20,5909
4u24,5909
4u25,5909
4u26,5912
4u27,5912
4u3m,11278
4u3n,11278
4u3u,11278
4u4n,11278
4u4o,11278
4u4q,11278
4u4r,11278
4u4u,11278
4u4y,11278
4u4z,11278
4u50,11278
4u51,11278
4u52,11278
4u53,11278
4u55,11278
4u56,11278
4u67,3077
4u6f,11278
4u7u,6701
4u8t,157
4udv,7497
4ue4,124
4ue5,886
4uer,6576
4uft,14703
4ug0,11675
4ujc,11957
4ujd,11957
4uje,11346
4uy8,3468
4uyj,157
4uyk,172
4v19,4361
4v2s,417
4v3p,241776
4v42,5131
4v47,4516
4v48,4825
4v49,5961
4v4a,5961
4v4b,6695
4v4f,783
4v4g,6051
4v4h,5731
4v4i,5787
4v4j,5795
4v4n,8842
4v4p,5950
4v4q,5731
4v4r,5806
4v4s,5838
4v4t,5473
4v4v,5639
4v4w,5639
4v4x,6088
4v4y,6088
4v4z,6088
4v50,5720
4v51,5909
4v52,5720
4v53,5720
4v54,5905
4v55,5905
4v56,5720
4v57,5720
4v5a,6094
4v5b,5763
4v5c,5956
4v5d,5957
4v5e,6436
4v5f,6710
4v5g,6243
4v5h,5967
4v5j,6385
4v5k,6090
4v5l,6251
4v5m,6751
4v5n,6751
4v5o,5093
4v5p,6231
4v5q,6238
4v5r,6231
4v5s,6238
4v5v,3750
4v5y,5905
4v5z,6323
4v61,5932
4v63,6062
4v64,5720
4v65,5944
4v66,5944
4v67,6165
4v68,6461
4v69,6344
4v6a,6170
4v6c,5721
4v6d,5721
4v6e,5721
4v6f,5805
4v6g,5793
4v6i,10149
4v6k,6652
4v6l,6652
4v6m,7238
4v6n,6425
4v6o,6425
4v6p,6425
4v6q,6425
4v6r,6425
4v6s,6423
4v6t,6507
4v6u,8731
4v6v,7062
4v6w,13177
4v6x,13338
4v6y,5947
4v6z,5947
4v70,5947
4v71,5947
4v72,5947
4v73,5947
4v74,5947
4v75,5947
4v76,5947
4v77,5947
4v78,5947
4v79,5947
4v7a,5947
4v7b,6473
4v7c,5983
4v7d,6737
4v7e,11831
4v7f,8395
4v7h,6796
4v7i,6494
4v7j,6114
4v7k,6114
4v7l,5965
4v7m,5959
4v7p,6051
4v7r,7458
4v7s,5721
4v7t,5721
4v7u,5722
4v7v,5721
4v7w,5684
4v7x,5684
4v7y,5684
4v7z,5684
4v83,5696
4v84,5696
4v85,6385
4v87,5764
4v88,11220
4v89,6380
4v8a,5741
4v8b,5758
4v8c,5758
4v8d,5751
4v8e,5751
4v8f,5751
4v8g,5836
4v8h,5873
4v8i,5878
4v8j,5955
4v8m,11843
4v8n,5918
4v8o,6361
4v8p,6653
4v8q,6399
4v8t,6782
4v8u,6570
4v8x,6086
4v8y,12072
4v8z,11855
4v90,6606
4v91,6450
4v92,4776
4v95,5907
4v97,5958
4v99,35460
4v9a,5763
4v9b,5763
4v9c,5717
4v9d,5901
4v9e,1446
4v9f,4149
4v9h,6732
4v9i,6057
4v9j,6757
4v9k,6757
4v9l,6737
4v9m,6732
4v9n,6165
4v9o,6497
4v9p,6464
4v9q,5656
4v9r,5810
4v9s,5810
4w29,6728
4w2e,6571
4w2f,5785
4w2g,5802
4w2h,5799
4w2i,5802
4w4g,5923
4w5n,806
4w5o,801
4w5q,803
4w5r,803
4w5t,807
4w90,90
4w92,90
4wal,127
4wan,487
4wc2,367
4wc3,367
4wc4,367
4wc5,367
4wc6,367
4wc7,367
4wce,2997
4wf1,5909
4wf9,2909
4wfa,2976
4wfb,2950
4wfn,3077
4wj3,3134
4wj4,1172
4wkr,161
4woi,6092
4wpo,6718
4wq1,5769
4wqf,6801
4wqr,5769
4wqu,6727
4wqy,6801
4wr6,5702
4wra,5711
4wro,5765
4wrt,1701
4wsa,2179
4wsb,2178
4wsd,5762
4wsm,5681
4wt1,5763
4wt8,5761
4wta,535
4wtc,534
4wtd,534
4wte,535
4wtf,536
4wtg,535
4wti,553
4wtj,555
4wtk,553
4wtl,553
4wtm,553
4wu1,5864
4www,5721
4wzd,5907
4wzj,575
4wzm,475
4wzo,5766
4wzq,476
4x0a,367
4x0b,367
4x2b,477
4x4n,1747
4x4o,437
4x4p,437
4x4q,443
4x4r,443
4x4s,443
4x4t,1748
4x4u,435
4x4v,443
4x62,2393
4x64,2393
4x65,2393
4x66,2393
4x9e,2988
4xbf,3196
4xco,178
4xej,5803
4xjn,5135
4xww,1088
4y4o,5921
4y4p,5785
4y91,402
4yb1,92
4ybb,5882
4yco,311
4ycp,308
4yhh,2391
4yhw,133
4yoe,181
4ypb,5922
4yvi,488
4yvj,488
4yvk,488
4yy3,2481
4yye,835
4yzv,5922
4z0c,1418
4z31,588
4z3s,5786
4z4c,803
4z4d,803
4z4e,802
4z4f,801
4z4g,799
4z4h,802
4z4i,800
4z7l,411
4z8c,5818
4z92,41280
4zdo,1806
4zdp,1774
4zer,5835
4zld,151
4zlr,556
4zsn,5923
4zt0,1364
4zt9,1335
5a0t,454
5a0v,454
5a2q,4931
5a2t,5100
5a79,19647
5a7a,18550
5a8l,624
5a9z,6671
5aa0,6683
5ady,4197
5afi,6322
5ah5,771
5aj0,11738
5aj3,4665
5aj4,12874
5aka,3489
5amq,1666
5amr,1657
5an9,1905
5anb,3025
5anc,2801
5aor,1009
5aox,162
5apn,7074
5apo,7049
5axm,904
5axn,916
5b63,1116
5bkl,8715
5bkn,8703
5br8,2393
5bs3,1340
5bte,368
5bud,391
5bym,363
5bz1,371
5bz5,366
5bzu,364
5bzv,364
5c0w,3975
5c0x,3633
5c0y,386
5c9h,245
5ccb,1308
5ccx,1310
5cd1,1252
5cd4,3377
5czp,6173
5d0a,379
5d0b,376
5d6g,205
5d8b,5830
5d8h,381
5dar,318
5dat,11532
5dc3,11278
5dcv,118
5ddo,86
5ddp,95
5ddq,94
5ddr,95
5de5,14
5de8,14
5dea,14
5det,185
5dfe,6179
5dge,23056
5dgf,11280
5dgv,11365
5dm6,3487
5dm7,3487
5dno,165
5do4,288
5dox,5822
5doy,5786
5dto,853
5dv7,137
5e02,964
5e08,444
5e3h,642
5e6m,1025
5e7k,5769
5e81,5777
5ed1,793
5ed2,385
5eeu,762
5eev,762
5eew,762
5eex,762
5eey,762
5eez,762
5ef0,762
5ef1,762
5ef2,762
5ef3,762
5eim,157
5el4,5743
5el5,5721
5el6,5769
5el7,5769
5elh,282
5elk,121
5elr,225
5els,226
5elt,298
5elx,391
5emo,291
5en1,184
5epi,2220
5ex7,274
5f5f,152
5f5h,148
5f6c,1022
5f8g,462
5f8h,462
5f8i,462
5f8j,462
5f8k,5838
5f8l,462
5f8m,462
5f8n,462
5f98,3877
5f9f,4028
5f9h,3865
5fci,11228
5fcj,11330
5fdu,5929
5fdv,5935
5fj4,312
5flx,4810
5fmz,2151
5fn1,3906
5fvc,3607
5g2x,487
5g2y,0
5g4u,234
5g4v,234
5gad,4087
5gae,3886
5gaf,3889
5gag,3598
5gah,3595
5gak,6434
5gam,2002
5gan,8574
5gao,2867
5gap,3503
5gin,1450
5gio,1450
5gip,1450
5gjb,440
5gm6,12796
5gmf,1552
5gmg,1524
5gmk,8026
5guh,759
5gxh,672
5gxi,667
5h0r,1183
5h1k,674
5h1l,682
5h1s,3276
5h3u,670
5h4p,6432
5h5u,6220
5hab,1838
5hau,6746
5hc9,425
5hcp,5817
5hcq,5817
5hcr,5818
5hd1,5821
5hjz,230
5hk0,216
5hkc,226
5hkv,2951
5hl7,2989
5ho4,179
5hp2,793
5hp3,791
5hr6,355
5hr7,361
5hsw,428
5i4a,631
5i4l,11252
5i8q,752
5i9d,360
5i9f,388
5i9g,375
5i9h,368
5ib7,5827
5ib8,5783
5ibb,5800
5id6,1209
5imq,6640
5imr,6619
5ip2,691
5iqr,6570
5it8,5882
5it9,4848
5iwa,2398
5j0m,13
5j1o,13
5j2w,13
5j30,6066
5j3c,6081
5j4b,5784
5j4c,5784
5j4d,6099
5j5b,5882
5j7l,5882
5j88,5882
5j8a,5882
5j8b,6642
5j91,5882
5jaj,653
5jb2,670
5jb3,4514
5jbg,661
5jbh,4510
5jbj,627
5jc3,668
5jc7,1288
5jc9,5882
5jcf,660
5jch,661
5jcs,10109
5jea,3419
5jji,2437
5jjk,2378
5jjl,2409
5jju,650
5jpq,8173
5jrc,1486
5js1,801
5js2,800
5jte,5625
5ju8,5624
5juo,12391
5jup,12374
5jus,12374
5jut,12374
5juu,12374
5jvg,3175
5jvh,3078
5jxs,476
5k0y,6038
5k36,3731
5k77,349
5k78,347
5kal,325
5kcr,5854
5kcs,6656
5ki6,798
5kl1,398
5kl8,378
5kla,337
5kps,6091
5kpv,6623
5kpw,6623
5kpx,6623
5l1z,649
5l2l,293
5l3p,6419
5li0,5396
5lj3,7305
5lj5,11808
5lks,11666
5ll6,3429
5lm7,743
5lmn,2623
5lmo,2622
5lmp,2622
5lmq,2635
5lmr,2628
5lms,2619
5lmt,2622
5lmu,2550
5lmv,3124
5lqw,10340
5lta,698
5lyb,11230
5lza,5817
5lzb,6432
5lzc,6432
5lzd,6439
5lze,5817
5lzf,5824
5lzs,12153
5lzt,12555
5lzu,12111
5lzv,12704
5lzw,12505
5lzx,12497
5lzy,12490
5lzz,12497
5m0i,960
5m0j,1008
5m1j,12048
5m3h,2195
5m3j,2188
5m73,352
5m8i,114
5mc6,14490
5mdv,6382
5mdw,6346
5mdy,6323
5mdz,5973
5me0,3122
5me1,3122
5mei,11278
5mfx,434
5mgp,6081
5mjv,41280
5mlc,3422
5mmi,3769
5mmj,2806
5mmm,6586
5mpg,97
5mpl,102
5mps,6718
5mq0,9673
5mqf,11507
5mrc,13466
5mre,13466
5mrf,13466
5msf,23220
5msg,2194
5my1,5564
5myj,5548
5n8l,155
5n8m,155
5n94,849
5nco,4738
5nd8,5462
5nd9,5461
5ndg,11236
5ndj,5681
5ndk,5681
5ndv,11153
5ndw,11242
5new,384
5ng6,1268
5ngm,5610
5njt,5596
5no2,2056
5no3,2280
5no4,2262
5np6,5995
5npm,211
5nrg,2872
5nrl,13378
5ns3,273
5ns4,138
5nwy,5718
5o1y,163
5o1z,163
5o20,162
5o2r,6205
5o3j,80
5o58,323
5o5j,2406
5o60,3682
5o7h,1370
5o9z,12700
5oa3,5348
5obm,11273
5oc6,90
5odv,4968
5omw,860
5on2,862
5on3,860
5on6,11278
5onh,860
5ool,8198
5oom,8105
5opt,4903
5oql,13755
5osg,206
5ot7,6718
5sup,400
5sze,426
5t16,1004
5t2a,10932
5t2c,11605
5t5h,5369
5t62,7061
5t6r,6441
5t7b,802
5t7v,4152
5t8y,374
5tbw,11278
5tc1,1352
5tcu,5134
5tf6,367
5tga,11253
5tgm,22882
5the,511
5tsn,500
5u34,960
5u4i,6159
5u4j,524
5u9b,92
5u9f,6576
5u9g,6561
5ud5,86
5udi,460
5udj,460
5udk,461
5udl,460
5udz,139
5uj2,534
5uk4,5440
5ukb,5410
5umd,6237
5uq7,6027
5uq8,6027
5uyk,6563
5uyl,6476
5uym,6476
5uyn,6474
5uyp,6476
5uyq,6476
5uz4,2629
5uz9,3119
5uzz,13
5v6x,84
5v7c,144
5v7q,3216
5v8i,5822
5v93,5327
5vm9,779
5voe,282
5vof,282
5vp2,5785
5vpo,5833
5vpp,5759
5vsu,965
5vt0,3669
5vw1,1448
5vyc,5206
5vzj,3707
5vzl,1451
5w0m,372
5w0o,338
5w1h,1301
5w1i,1294
5w3v,368
5w4k,5801
5w5h,897
5w5i,866
5w6v,813
5wdt,6324
5we4,6324
5we6,6322
5wea,764
5wf0,6324
5wfk,6324
5wfs,6324
5wis,5785
5wit,5785
5wlc,18543
5wlh,1289
5wnp,2393
5wnq,2377
5wnr,2377
5wns,2377
5wnt,2393
5wnu,2393
5wnv,2393
5wqe,1011
5ws2,926
5wsg,8620
5wt1,333
5wt3,332
5wtk,1215
5wty,547
5wwe,174
5wwf,178
5wwg,184
5wwr,461
5wws,460
5wwt,461
5www,94
5wwx,84
5wyj,12737
5wyk,11513
5wzg,534
5wzh,533
5wzi,533
5wzj,534
5wzk,513
5x3z,96
5x6b,989
5x70,1559
5x8p,6323
5x8r,2969
5x8t,3354
5xbl,1401
5xc6,451
5xj2,455
5xjc,14184
5xlo,2073
5xlp,1343
5xtm,121
5xwp,1125
5xwy,1117
5xxb,6215
5xxu,4381
5xy3,5917
5xyi,4368
5xym,3122
5xyu,1966
5y58,1116
5y6z,457
5y7m,125
5y88,9113
5ydt,246
5yki,383
5ylz,9095
5yts,74
5ytt,75
5ytv,75
5ytx,74
5yyn,563
5yzg,15211
5z3g,6025
5z4a,351
5z4d,351
5z4j,349
5z56,16972
5z57,16486
5z58,12915
5z98,364
5z9w,19788
5z9x,288
5zal,1389
5zam,1389
5zc9,378
5zeb,6095
5zep,6193
5zet,3689
5zeu,2406
5zey,161
5zlu,6529
5zq0,454
5zq1,453
5zq8,455
5zsa,1548
5zsb,1547
5zsc,1549
5zsd,1547
5zse,1549
5zsl,1550
5zsm,1550
5zsn,1544
5zth,454
5ztm,332
5zuu,174
5zw4,216
5zwm,12858
5zwn,3385
5zwo,13180
5zzm,426
6a4e,362
6a6j,90
6a6l,76
6aax,290
6aay,1199
6agb,2404
6ah0,13418
6ah3,2380
6ahd,14082
6ahr,2595
6ahu,2595
6ajk,293
6aso,906
6awb,5598
6awc,5581
6awd,5573
6az1,4810
6az3,6390
6b0b,385
6b14,440
6b3k,440
6b45,2879
6b46,2308
6b47,2965
6b48,2976
6b4v,6099
6bbo,385
6bjg,289
6bjh,287
6bjv,294
6bjy,2086
6bk8,9975
6boh,6006
6bok,6096
6bu8,6272
6bu9,399
6buw,5834
6by1,5705
6bz6,5835
6bz7,5835
6bz8,5835
6c0f,6845
6c4h,184
6c4i,6381
6c5l,6389
6c6k,500
6cae,5799
6cao,2391
6cap,2377
6caq,2377
6car,2377
6cas,2377
6cb1,6459
6cbd,790
6cf2,283
6cfj,5785
6cfk,5921
6cfl,5921
6cmn,91
6cyt,653
6czr,5824
6d06,384
6d12,203
6d1v,434
6d2u,13
6d2z,188
6d30,188
6d90,12305
6d9j,12745
6db8,436
6db9,428
6dcb,226
6dcc,222
6dcl,353
6ddd,2568
6ddg,2633
6dnc,6520
6dnh,1670
6dtd,1053
6dti,2396
6du4,287
6du5,278
6duq,2727
6dzi,6283
6dzk,2568
6dzp,3715
6e0o,273
6e4p,68
6e9e,863
6e9f,864
6een,1260
6elz,9691
6em1,7072
6em3,5193
6em4,6013
6em5,10589
6eml,5233
6enf,5531
6enj,5950
6enu,6094
6eri,6178
6evj,2209
6evk,2174
6exn,9374
6f3h,762
6f4a,1178
6f4g,270
6f4h,90
6f5o,2179
6fai,5944
6fec,9558
6ff4,8220
6ff7,16769
6fhh,2201
6fhi,2208
6fkr,5941
6fpq,174
6fpx,177
6fq3,390
6fql,390
6fqr,318
6frk,8464
6fsz,4821
6ft6,10801
6ftg,8149
6fti,8349
6ftj,8263
6fuw,1665
6fxc,11220
6fyx,8084
6fyy,8066
6g18,6060
6g19,682
6g1s,645
6g1x,648
6g2k,162
6g4s,5224
6g4w,4589
6g51,6237
6g53,5912
6g5h,4858
6g5i,5246
6g63,1974
6g90,6796
6g99,41
6gaw,15044
6gaz,6270
6gb2,9312
6gbm,102
6gbz,3074
6gc0,2950
6gc4,2836
6gc5,155
6gc6,2118
6gc7,1738
6gc8,3090
6gd2,165
6gd3,83
6gjz,682
6gkh,685
6gkm,689
6gpg,651
6gq1,12168
6gqb,12373
6gqv,12368
6gsj,5641
6gsk,5640
6gsl,6174
6gsm,7973
6gsn,8027
6gv4,55080
6gvy,475
6gwt,6670
6gx6,159
6gxm,6643
6gxn,6741
6gxo,6643
6gxp,6392
6gz3,12699
6gz4,12699
6gz5,12699
6gzq,5820
6gzx,11750
6gzz,11748
6h25,2971
6h4n,6188
6h58,12392
6h5q,5715
6h5s,5445
6h61,660
6h66,667
6h9h,250
6h9i,250
6ha1,5299
6ha8,6052
6hak,965
6hau,546
6hcf,12928
6hcj,11821
6hcm,12928
6hcq,11821
6hct,351
6hd7,7514
6hhq,11278
6hiv,34854
6hiw,19984
6hix,14850
6hiy,10991
6hiz,9056
6hma,3039
6hpj,84
6hrm,5972
6htq,5640
6htu,217
6hxx,7840
6hyu,614
6i0t,348
6i0u,350
6i0v,346
6i0y,3551
6i2n,2352
6i3p,626
6i7o,22489
6i7v,11521
6i9r,8201
6icz,14175
6id0,10389
6id1,10720
6ifk,2256
6ifl,2193
6ifn,2281
6ifo,1475
6ifr,2216
6ifu,2201
6ify,2253
6ifz,2254
6ig0,2258
6ij2,472
6ip5,11711
6ip6,11494
6ip8,11925
6iqw,2073
6is0,468
6iv6,1209
6iv8,1731
6iv9,874
6j6g,8981
6j6h,8644
6j6n,8982
6j6q,9167
6j7z,321
6jc3,391
6jdq,1069
6je9,2326
6jim,454
6jvx,87
6k0a,1364
6k0b,1376
6k32,7723
6ke6,24439
6kl9,1414
6klb,2467
6kle,1592
6klh,3768
6kr6,713
6ktc,74
6kug,73
6kuj,1465
6kuk,1461
6kup,1461
6kur,1465
6kut,1679
6kuu,1465
6kuv,1640
6kwq,462
6kwr,453
6kyv,672
6l1w,215
6l5n,377
6las,93
6lau,93
6lax,93
6laz,91
6lkq,6405
6llb,926
6lnc,3447
6lqm,7108
6lqp,25471
6lqq,25105
6lqr,24356
6lqs,26846
6lqt,18730
6lqu,25232
6lqv,21006
6lse,464
6lsf,463
6lsg,463
6lsh,463
6lsr,7581
6lss,7369
6lt7,480
6ltp,1843
6lu8,7778
6lvr,194
6lxd,963
6m62,10320
6m6r,332
6m6s,322
6m6v,513
6m7d,412
6m7k,318
6mcb,1487
6mcc,1494
6mce,17
6mcf,17
6mdz,804
6mfn,803
6mfr,802
6mkn,2396
6mpf,2396
6mpi,2396
6msf,23220
6mtb,11549
6mtc,11903
6mtd,12763
6mte,12594
6mur,2161
6mus,2529
6mut,2115
6muu,2083
6mwn,876
6n1d,5957
6n4o,796
6n6a,181
6n6c,181
6n6d,181
6n6e,181
6n6f,180
6n6g,181
6n6h,181
6n6i,183
6n6j,195
6n6k,195
6n7p,4206
6n7r,2908
6n7x,2731
6n8j,7675
6n8k,7231
6n8l,6884
6n8m,6708
6n8n,7085
6n8o,7292
6n9e,5785
6n9f,5785
6nbj,756
6nd4,9225
6nd5,5785
6nd6,5785
6ndk,5818
6neq,5509
6nf8,5509
6nit,798
6nm9,2640
6nma,1435
6nmc,1480
6nmd,1358
6nme,1196
6noc,402
6nod,344
6nof,402
6noh,402
6nqb,1752
6nsh,5844
6nta,5850
6nu2,13110
6nu3,12902
6nud,2420
6nue,2412
6nuo,5836
6nut,18950
6nwy,5809
6ny5,756
6ny6,2545
6o16,798
6o1k,1317
6o1l,1579
6o1m,1841
6o1o,0
6o3m,5833
6o5f,834
6o6v,865
6o6x,864
6o75,963
6o78,944
6o79,952
6o7b,957
6o7e,2046
6o7h,2038
6o7i,2377
6o7k,2934
6o8w,5206
6o8x,5209
6o8y,5209
6o8z,5235
6o90,5232
6o97,5785
6o9j,5731
6o9k,6162
6of1,5785
6of6,5833
6ofx,5753
6og7,6113
6ogf,6113
6ogg,6113
6ogi,5752
6ogz,9081
6oig,6757
6oj2,5833
6oj6,9030
6okk,4106
6ole,11391
6olf,11451
6olg,11777
6oli,11352
6olz,11357
6om0,11378
6om6,5715
6om7,11438
6oon,785
6ope,5833
6ord,5796
6ore,5710
6orl,5890
6osi,5782
6osk,5969
6osq,5966
6ost,5996
6ot3,6031
6otr,6000
6ouo,6028
6ov0,1730
6oxa,6000
6oxi,5999
6p4g,4862
6p4h,4862
6p5i,11491
6p5j,11490
6p5k,11491
6p5n,11907
6p7m,1168
6p7n,2352
6p7p,1446
6p7q,1446
6pc5,967
6pc6,963
6pc7,964
6pc8,967
6pch,964
6pcq,963
6pcr,967
6pcs,967
6pct,964
6pif,3448
6pig,3439
6pj6,3356
6ppf,2101
6ppk,2684
6ppn,562
6ppp,562
6ppq,550
6ppv,550
6pun,411
6pvk,1791
6pzq,620
6q1h,1439
6q8u,244
6q8y,11946
6q95,5924
6q97,6124
6q98,6132
6q9a,6092
6qcs,2207
6qct,2186
6qcv,2196
6qcw,2195
6qcx,2198
6qdv,14611
6qdw,3127
6qic,628
6qik,6843
6qkl,1866
6qnq,6054
6qnr,6018
6qt0,6362
6qtz,7050
6qul,3135
6qw6,10350
6qwl,1244
6qx3,1337
6qx8,2384
6qx9,15560
6qxe,2626
6qyz,0
6qzp,11713
6r5k,2865
6r5q,11716
6r6g,12566
6r6p,11673
6r7b,2724
6r7g,2717
6r7q,12234
6r84,7644
6r86,7198
6r87,7197
6r9j,595
6r9m,600
6r9o,594
6r9p,607
6r9q,610
6r9r,2724
6ra4,257
6rbd,5450
6rbe,4512
6rcl,328
6rfl,6194
6ri5,7034
6rlp,3672
6rm3,10805
6rr7,2197
6rt4,164
6rt5,160
6rt6,160
6rt7,164
6rti,1386
6rw4,5920
6rw5,6491
6rxt,18102
6rxu,22286
6rxv,23495
6rxx,23376
6rxy,19567
6rxz,23362
6rzz,7586
6s05,6919
6s0k,4387
6s0m,318
6s0x,5589
6s0z,3106
6s12,3125
6s13,5608
6s47,11984
6s6b,8194
6s8b,7479
6s8e,7502
6s91,7488
6sae,6120
6sag,6120
6sce,614
6scf,222
6sdw,177
6sdy,74
6sg9,11989
6sga,15423
6sgb,27278
6sgc,11934
6sh8,8181
6shb,8179
6sic,7487
6sj6,2611
6sjd,692
6skf,7751
6skg,8302
6snj,131
6snt,11154
6so9,112
6spb,3383
6spc,2307
6spd,3458
6spe,2392
6spf,5712
6spg,5779
6sqn,287
6sqq,278
6sty,388
6sv4,33736
6sw9,4508
6swa,6739
6swc,4519
6swd,2293
6swe,1523
6sx0,141
6sx2,144
6sxo,973
6sy4,364
6sy6,359
6szs,6100
6szu,1699
6szv,1694
6t0n,1703
6t0r,1690
6t0s,1700
6t0u,1695
6t0v,2190
6t0w,1268
6t2c,1255
6t34,3933
6t4q,11146
6t59,7383
6t7i,11140
6t7t,11144
6t83,22382
6tb3,11472
6tbv,5711
6tc3,5711
6th6,7742
6thn,48720
6tmf,4172
6tnn,3360
6tnu,11498
6tph,121
6tpq,3346
6tqa,152
6tqb,153
6tw1,2183
6ty9,1709
6tz1,1709
6tz2,1709
6u48,3374
6u6y,864
6u8d,440
6u8k,437
6u9x,294
6ucq,6589
6uej,212
6uo1,5785
6uro,2747
6uv1,438
6uv2,431
6uv3,426
6uv4,426
6uz7,12006
6v39,5458
6v3a,5457
6v3b,5457
6v3d,3117
6v3e,2311
6v4x,1931
6v5b,1341
6v5c,1336
6v9q,3337
6vff,818
6vm6,438
6vqv,2990
6vqw,2648
6vqx,2972
6vrb,1260
6vrc,1007
6vrd,149
6vwl,5383
6vwm,5342
6vwn,5341
6w11,412
6w1x,2874
6w2s,7898
6w2t,8254
6w62,910
6w6k,1873
6w6l,7957
6w6p,5058
6w6v,2306
6w77,1949
6w7m,2319
6w7n,1660
6w7w,1047
6wan,438
6wd0,6024
6wd1,6023
6wd2,6417
6wd3,6408
6wd4,6391
6wd5,6400
6wd6,6396
6wd7,6113
6wd8,6409
6wd9,6371
6wda,6373
6wdb,6024
6wdc,6024
6wdd,6025
6wde,6025
6wdf,6025
6wdg,6025
6wdh,6024
6wdi,5954
6wdj,6024
6wdk,6025
6wdl,6025
6wdm,6025
6wdr,4984
6wlh,118
6wnt,3387
6wnv,5782
6wnw,6089
6woo,11977
6wpi,548
6wqn,2646
6wqq,2671
6wre,358
6wrs,2669
6wru,2832
6wu9,2697
6wua,833
6wub,1253
6ww6,382
6wxq,420
6wxx,744
6wxy,744
6wyv,967
6x1b,2082
6x5m,440
6x5n,440
6xa1,11743
6xe0,2413
6xez,2563
6xh0,87
6xh1,86
6xh2,93
6xh3,88
6xhv,5785
6xhw,5785
6xhx,5921
6xhy,5785
6xiq,11371
6xir,10763
6xjq,442
6xjw,442
6xjy,439
6xjz,436
6xki,378
6xl1,746
6xlv,203
6xlw,199
6xlx,196
6xmf,627
6xmg,638
6xn3,2568
6xn4,2234
6xn5,2099
6xn7,2580
6xqb,1008
6xqd,5784
6xqe,5784
6xu6,12097
6xu7,11764
6xu8,11750
6xyw,12037
6xz7,3351
6xza,5732
6xzb,5732
6xzd,3919
6xzg,4065
6xzp,4077
6xzq,3492
6xzr,4077
6y0c,2135
6y0g,11339
6y2l,11116
6y4b,256
6y50,2537
6y53,2226
6y57,11053
6y5q,4763
6y69,5706
6y6x,6788
6y7c,5381
6yal,6322
6yam,9811
6yan,5610
6ybs,2330
6ybv,769
6ybw,3374
6ydp,15179
6ydw,15161
6yef,5351
6yft,20340
6yhs,3069
6ylg,9666
6ylh,15296
6ylx,7493
6yly,7352
6ypu,1496
6yrb,796
6yrq,399
6ys3,3136
6ys5,852
6ysi,3112
6ysr,5954
6yss,6105
6yst,6105
6ysu,6030
6yt9,1496
6ytf,852
6yud,204
6yw5,7528
6ywe,15727
6ywo,354
6yws,8200
6ywv,7802
6ywx,15553
6ywy,15604
6yxx,19854
6yxy,19381
6yym,148
6yyt,1298
6z1p,22589
6z6b,2031
6z6g,2142
6z6j,11052
6z6k,11052
6z6l,12126
6z6m,12949
6z6n,12938
6z8k,2158
6zce,8027
6zdp,683
6zdq,677
6zdu,1386
6zj3,11614
6zlc,149
6zlw,4887
6zm2,627
6zm5,14569
6zm6,14521
6zm7,12547
6zme,13537
6zmi,12499
6zmo,12939
6zmt,5354
6zmw,11116
6zn5,5478
6zoj,4914
6zok,2970
6zol,1944
6zon,9169
6zot,330
6zp4,10408
6zqa,19047
6zqb,24766
6zqc,24989
6zqd,23449
6zqe,20555
6zqf,11884
6zqg,7391
6zs9,14226
6zsa,14029
6zsb,14029
6zsc,14006
6zsd,14029
6zse,14028
6zsg,14041
6zu5,10308
6zu9,7845
6zuo,5217
6zv6,5048
6zvh,5074
6zvi,4918
6zvj,10127
6zvk,11850
6zww,744
6zxd,5944
6zxe,5903
6zxf,5758
6zxg,5625
6zxh,5195
6zym,5444
7a01,11858
7a09,10946
7a0r,3107
7a0s,3100
7a18,3095
7a1g,5612
7a5f,13477
7a5g,13843
7a5h,8408
7a5i,13049
7a5j,8540
7a5k,14134
7a5p,9560
7a9w,513
7a9x,513
7aap,1120
7aav,3970
7abf,3732
7abg,13011
7abh,3288
7abi,15173
7abz,6311
7ac7,5975
7acj,5864
7acr,5858
7acs,140
7act,137
7af3,1111
7af5,1104
7af8,1109
7afa,1101
7afd,1108
7afh,1103
7afi,1387
7afk,1108
7afl,1487
7afn,1108
7afo,1691
7aih,14496
7ajt,29240
7aju,27696
7am2,15384
7ane,32684
7aoi,17411
7aor,19663
7aqc,3752
7aqd,3543
7as8,3810
7as9,3720
7asa,750
7ase,11195
7asm,3036
7asn,2545
7aso,4741
7asp,4819
7azo,5787
7azs,5792
7azy,6127
7b3b,991
7b3c,991
7b3d,991
7b5k,5684
7b7d,12111
7b9v,12183
7bah,243
7bai,241
7bdv,697
7bg6,48300
7bgb,1574
7bgd,1410
7bge,879
7bhp,6433
7bkp,689
7bkq,1280
7bl2,3612
7bl3,3612
7bl4,3702
7bl5,4348
7bl6,3600
7bod,1289
7boe,2400
7bof,1238
7bog,1336
7boh,2445
7boi,1617
7bt6,8031
7btb,9417
7bv2,1011
7bv8,3436
7bzf,1200
7c06,249
7c07,249
7c08,248
7c2k,1256
7c45,295
7c79,2519
7c7a,2519
7cgf,343
7cgg,346
7cgh,345
7cgi,345
7cgj,345
7cgk,346
7cgl,346
7cgm,349
7chd,336
7cpj,5951
7cpu,10842
7cpv,10845
7ctt,1031
7cxm,2563
7cxn,2563
7cyq,2655
7d0f,447
7d0g,447
7d1a,447
7d4i,28625
7d5s,18745
7d5t,17319
7d63,25523
7d6z,5970
7d7v,92
7d80,6218
7d8c,1057
7d8o,489
7da7,1338
7das,1345
7dco,15294
7dd3,726
7dfg,1200
7dfh,1191
7dic,646
7did,644
7dlz,378
7dmq,937
7doi,1195
7dok,1323
7dol,565
7dte,1374
7dug,2377
7duh,2377
7dui,2377
7duj,2377
7duk,2377
7dul,2377
7dvq,13326
7dwh,374
7e8o,385
7ecv,3121
7ed5,1302
7egq,6644
7eiu,148
7eiz,3315
7el9,3560
7ela,1451
7elc,1458
7eld,1137
7ele,1137
7elh,13378
7elm,6201
7eni,1174
7enr,1145
7evo,4669
7ewq,4862
7f0d,3216
7f1m,49644
7f36,634
7f3i,275
7f3j,89
7f3k,90
7f3l,75
7f5s,6509
7jhy,2083
7jil,5314
7jl0,842
7jl1,827
7jl2,2526
7jl3,2457
7jqb,4859
7jqc,4837
7jql,5794
7jqm,5794
7jss,5749
7jsw,5737
7jsz,6144
7jt1,5828
7jt2,5880
7jt3,6250
7jyy,429
7jz0,429
7jzw,2986
7jzx,2954
7jzy,3024
7jzz,2978
7k00,5585
7k50,5945
7k51,6631
7k52,6631
7k53,5945
7k54,6631
7k55,6631
7k5i,4881
7k5l,992
7k98,2356
7k9d,89
7k9e,88
7k9m,2346
7ka0,2347
7kab,2342
7kfn,739
7kgb,5262
7kha,2847
7ki3,804
7kjt,145
7kkv,89
7kl3,177
7krn,1963
7kro,2553
7krp,1373
7kwg,2251
7kx7,729
7kx9,734
7l08,14304
7l1f,1009
7l20,9383
7l48,1041
7l6r,410
7l6t,414
7ld5,1761
7lh5,5855
7lhd,24161
7lj3,2564
7ls1,12855
7ls2,12862
7lv0,5851
7lvk,3222
7m2t,8640
7m2v,8661
7m3t,8694
7m4u,2386
7m4v,3128
7m4w,5518
7m4x,5528
7m4y,5511
7m4z,5625
7m50,8748
7m57,8640
7m5d,6867
7m5o,655
7md7,5921
7mdl,1842
7mdz,11315
7mjv,444
7mjw,442
7mjx,443
7mjy,449
7mlx,429
7mpi,11121
7mpj,11121
7mpl,1639
7mpm,1638
7mpn,1641
7mpq,1639
7mpu,1640
7mq8,25132
7mq9,24993
7mqa,24815
7mqb,1640
7mqc,1640
7mqd,1592
7mqe,1629
7mqf,1608
7mqg,1640
7mqh,1640
7mqi,1640
7mrl,203
7msc,6179
7msf,23220
7msh,6149
7msm,6179
7msz,6171
7mt2,5629
7mt3,5616
7mt7,5629
7mw8,383
7n06,2082
7n0b,643
7n0c,644
7n0d,2572
7n1p,6004
7n2c,6879
7n2u,5740
7n2v,6683
7n30,5707
7n31,5729
7n33,2076
7n3o,454
7n8b,11121
7nac,12015
7nad,3338
7naf,1342
7nar,2718
7nas,1454
7nat,2562
7nau,2490
7nav,2595
7nax,2342
7nbu,5719
7ndj,166
7nfx,7672
7nga,650
7nha,1700
7nhc,1680
7nhk,5938
7nhl,5839
7nhm,5388
7nhn,5715
7nhx,2121
7ni0,1794
7nic,683
7nik,1599
7nil,1601
7niq,673
7nir,1796
7nis,1592
7nj3,1795
7nj4,1798
7nj5,1800
7nj7,1797
7njc,149
7nk1,1791
7nk2,1794
7nk4,1792
7nk6,1793
7nk8,1821
7nka,1796
7nkc,1795
7nki,1794
7nkr,1794
7nq4,1542
7nqh,14541
7nql,14518
7nrc,12780
7nrd,11163
7nsh,9643
7nsi,14538
7nsj,14369
7nso,5691
7nsp,5691
7nsq,5690
7nt5,5118
7nt6,5582
7nun,48300
7nuq,48300
7nwg,11875
7nwh,12540
7nwi,11667
7nwt,6355
7nww,5738
7o19,5694
7o1a,5694
7o1c,6042
7o5b,6001
7o5h,1730
7o7y,12117
7o7z,12117
7o80,13130
7o81,12200
7o9k,10323
7o9m,9571
7obq,1642
7obr,7484
7ode,1761
7odr,9244
7ods,9371
7odt,9585
7oe0,2208
7oe1,2320
7oea,1432
7oeb,1434
7of0,8446
7of1,6344
7of2,8560
7of3,8627
7of4,8320
7of5,8829
7of6,8320
7of7,8655
7ofw,493
7ofz,497
7og0,497
7og4,14023
7og6,199
7ogk,2085
7ogm,2454
7oh3,8308
7ohp,5290
7ohq,9547
7ohr,9318
7ohs,6971
7oht,5154
7ohu,4202
7ohv,7892
7ohw,6824
7ohx,6076
7ohy,4067
7oi0,1037
7oi3,5910
7oi6,8603
7oi7,8101
7oi8,8181
7oi9,8105
7oia,7882
7oib,7838
7oic,8614
7oid,8217
7oie,8217
7oif,5738
7oig,5738
7oii,5754
7oiz,5604
7oj0,6266
7ojk,1843
7ojl,1498
7ojn,2010
7olc,11862
7old,12678
7om6,1264
7om7,1257
7oma,1257
7onb,2568
7onu,1763
7ooc,2471
7ood,3449
7ope,3818
7oqb,4537
7oqc,3078
7oqe,8021
7ori,2007
7orj,2129
7ork,2182
7orl,2183
7orm,2145
7orn,1700
7oro,2008
7os0,1130
7osa,12113
7osm,11761
7ot5,5778
7otc,6238
7ow7,6354
7oya,11179
7oyb,10795
7oyc,11387
7oyd,12293
7oyg,1914
7ozq,123
7ozr,5642
7ozs,1314
7ozu,991
7ozv,991
7p0v,90
7p2e,5917
7p3k,5587
7p48,5925
7p6z,5920
7p7q,6096
7p7r,6097
7p7s,6097
7p7t,6097
7p7u,5337
7p8q,275
7p9i,271
7pah,5922
7pai,5922
7paj,6315
7pak,6315
7pal,5927
7pam,5922
7pan,5922
7pao,6673
7paq,6673
7par,6673
7pas,5922
7pat,3467
7pau,3649
7pd3,9276
7pdv,107
7ph9,5922
7pha,6312
7phb,5922
7phc,5922
7pi8,5922
7pi9,6315
7pia,5922
7pib,6673
7pic,5919
7pio,5922
7pip,6310
7piq,5915
7pir,5918
7pis,6673
7pit,6673
7pjs,5954
7pjt,5954
7pju,5954
7pjv,6657
7pjw,6657
7pjx,6476
7pjy,6651
7pjz,6623
7pkq,4968
7pkt,7533
7pli,913
7pmm,896
7pmq,913
7pnt,6039
7pnu,5766
7pnv,6145
7pnw,5746
7pnx,6142
7pny,6124
7pnz,6124
7po0,5980
7po1,5918
7po2,6374
7po3,5715
7po4,8826
7po6,166
7pua,23912
7pub,24507
7pvk,1026
7pwf,3965
7pwg,5769
7pwo,9545
7pzy,11141
7q08,11140
7q0f,11140
7q0p,11140
7q0r,11140
7q22,7497
7q23,7497
7q2q,7497
7q2r,153
7q2s,7497
7q33,93
7q3l,2440
7q4k,5682
7q4l,227
7q4o,2516
7q4p,1535
7qca,10629
7qdd,88
7qde,169
7qdy,2991
7qdz,2924
7qe0,949
7qep,10884
7qg8,5936
7qgg,11624
7qgh,6046
7qgn,5975
7qgr,6223
7qgu,5791
7qh4,5573
7qh6,7113
7qh7,7017
7qi4,14796
7qi5,14897
7qi6,14879
7qiw,6330
7qix,2911
7qiy,1730
7qiz,10964
7qp6,9873
7qp7,9632
7qq3,2898
7qqk,1732
7qr3,182
7qr4,182
7qtl,2152
7qtt,9759
7qv1,5254
7qv2,5268
7qv3,6395
7qvp,22170
7qwq,7312
7qwr,6621
7qws,7047
7r0e,2162
7r1f,2177
7r21,4317
7r4x,4792
7r6k,2153
7r6q,2423
7r72,3040
7r7a,11623
7r7c,1273
7r81,11133
7r97,452
7r9f,758
7r9g,772
7rdx,2553
7rdy,2553
7rdz,2551
7re0,2553
7re1,2553
7re2,1963
7re3,5106
7rgu,111
7rq8,5785
7rq9,5785
7rqa,5930
7rqb,5930
7rqc,5930
7rqd,5928
7rqe,5930
7rr5,12113
7ryf,5497
7ryg,5505
7ryh,5499
7rzz,409
7s02,408
7s0s,3946
7s1g,5661
7s1h,5656
7s1i,5661
7s1j,5656
7s1k,5661
7s37,1033
7s7b,2709
7s7c,1629
7s9u,2090
7sa4,6175
7sae,2090
7sbb,3435
7sc6,698
7scq,698
7sfr,5261
7slp,561
7slq,559
7sop,88
7soq,90
7sor,89
7sos,88
7sot,91
7sou,89
7sov,89
7sow,95
7sp1,540
7ss9,6171
7ssd,6597
7ssl,6626
7ssn,5602
7sso,6070
7ssw,5885
7st2,6082
7st6,5721
7st7,6653
7suk,23806
7sva,792
7swf,778
7swq,791
7syg,4891
7syh,4891
7syi,4891
7syj,4891
7syk,4891
7syl,4891
7sym,4891
7syn,4891
7syo,4891
7syp,4896
7syq,4997
7syr,5177
7sys,5177
7syt,4896
7syu,4896
7syv,5625
7syw,5622
7syx,5622
7szu,437
7t1n,19
7t1o,17
7t1p,17
7t3j,3349
7t3k,6242
7tj2,2007
7tm3,8213
7tnx,647
7tny,666
7tnz,680
7to0,682
7to1,635
7to2,670
7too,6227
7top,6229
7toq,11381
7tor,11391
7tos,6104
7tql,5508
7tqv,2083
7tr6,3383
7tr8,4192
7trc,1599
7ttu,2661
7ttw,2661
7tut,8542
7tuv,672
7u0h,7768
7u0y,435
7u2a,761
7u2b,780
7u2h,5784
7u2i,5784
7u2j,5787
7ucj,11107
7uck,11143
7ug6,8738
7ug7,6784
7uim,387
7uj1,538
7umk,112032
7uml,812
7unr,6502
7unu,6488
7unv,6534
7unw,6534
7uo0,112
7uo1,112
7uo2,112
7uo4,1374
7uo5,112
7uo7,1371
7uo9,1375
7uob,1375
7uoe,1376
7uoo,10806
7uph,5442
7uqb,10806
7uqz,10806
7ur5,0
7uri,0
7urm,0
7uu3,739
7uu4,373
7uu5,758
7uvv,5500
7uvw,5512
7uvx,5510
7uvy,5512
7uvz,5512
7uw1,5510
7uws,4766
7uxa,820
7uzw,1760
7uzx,1760
7uzy,1781
7uzz,2380
7v00,2430
7v01,2128
7v02,2070
7v08,10806
7v2l,2621
7v2m,2909
7v2n,2626
7v2o,2624
7v2p,2639
7v2q,2875
7v2z,440
7v4g,212
7v6c,1800
7v93,927
7v9a,1723
7va3,358
7va6,352
7vg2,845
7vg3,860
7vki,113
7vkl,160
7vpx,5611
7vrl,102
7vsj,160
7vti,736
7vtn,692
7w0a,2988
7w0c,1492
7w0d,2233
7w0e,1557
7w0f,1492
7w59,12086
7w5a,12633
7w5b,14610
7w9s,463
7wah,1473
7wkp,167
7wkv,219
7wl0,214
7wm4,2658
7wnu,1107
7wtl,3298
7wtm,2651
7wtn,2635
7wto,2383
7wtp,3296
7wtq,3079
7wtr,3259
7wts,3777
7wtt,6254
7wtu,5957
7wtv,6353
7wtw,6694
7wtx,6371
7wtz,6331
7wu0,6649
7wv3,2672
7wv4,2636
7wv5,1318
7wve,1318
7wvf,1546
7wvj,1318
7wwu,2400
7x34,100
7x7a,1241
7x7r,1237
7x8a,1940
7xam,3681
7xc7,1840
7xd8,620
7xd9,621
7xg1,2000
7xjz,983
7xk0,983
7xk1,1966
7xnx,11488
7xny,11416
7xpg,83340
7xpl,1213
7xs4,329
7xso,1271
7xsp,1271
7xsq,1967
7xsr,1963
7xss,1942
7xt4,1939
7xw2,725
7xwz,112
7y38,6704
7y41,3529
7y7p,1842
7y7q,1857
7y80,1218
7y81,1223
7y82,1341
7y83,1861
7y84,1894
7y85,1884
7y8t,1978
7y8y,1971
7y9x,2192
7y9y,1545
7yed,19870
7yew,160
7yex,160
7yey,162
7yfe,19807
7yg7,4554
7ygh,362
7ygl,362
7yla,3775
7yn9,1514
7yna,1536
7ynb,1536
7ync,1536
7ynd,2115
7ypw,34920
7yr6,220
7yr7,330
7yr8,34830
7yse,1881
7yym,1281
7yyn,705
7z20,3153
7z26,150
7z34,12606
7z3n,12758
7z3o,12760
7z42,2217
7z43,2223
7z4o,1215
7z52,746
7z55,377
7zag,3824
7zah,4289
7zai,3694
7zap,97
7zew,117
7zex,93
7zfw,0
7zgp,1767
7zgr,1819
7zgv,1476
7zhg,3601
7zhh,219
7zjw,12504
7zjx,11831
7zki,688
7znj,4242
7znk,11599
7zod,3113
7zol,1852
7zoq,2514
7zp8,3145
7zpi,705
7zpj,1355
7zpk,1513
7zpl,2422
7zpq,13293
7zq5,3088
7zq6,3091
7zrs,13289
7zrz,617
7zs5,6416
7zta,5702
7zuw,13293
7zux,11140
7zw0,12371
8a11,1875
8a22,17089
8a3d,6576
8a3l,5876
8a57,3527
8a5i,2973
8a63,2973
8aaf,9427
8acb,220
8acc,231
8af0,246
8agt,9428
8agu,9427
8agv,9427
8agw,9285
8agx,9204
8agz,9427
8akn,5960
8am9,5606
8ana,3196
8ane,2212
8any,15629
8ap4,3266
8apn,17088
8apo,17078
8as6,1566
8as7,1575
8asb,1715
8asd,1826
8asg,1544
8asw,2897
8auv,4773
8aw3,456
8axf,1039
8aye,5587
8azw,6420
8b0i,1075
8b0j,1931
8b0r,496
8b0x,5621
8b2l,11193
8b5l,7621
8b6c,6963
8b6z,442
8b7y,5310
8bao,735
8bdr,2173
8be0,2179
8bek,2178
8bf5,2152
8bf7,5683
8bf8,302
8bge,5622
8bgh,5682
8bgu,447
8bh4,5623
8bhj,5623
8bhl,5622
8bhn,5683
8bhp,5682
8bil,5682
8bim,5682
8bip,7222
8bjq,8086
8bmw,3475
8bpo,7606
8bqd,11718
8bqx,11711
8br8,10156
8brm,10206
8bsi,10867
8bsj,10190
8btd,10403
8btk,13242
8btr,10217
8buu,5859
8bvh,2256
8bvj,2238
8bvm,1581
8c00,4186
8c01,5115
8c4t,1268
8c4u,1260
8c4v,1308
8c6j,16794
8c83,2725
8c8x,2832
8c8y,2566
8c8z,2311
8c90,2183
8c91,1860
8c92,1700
8c93,1657
8c94,2070
8c95,1460
8c96,1607
8c97,1077
8c98,1080
8c99,987
8c9a,525
8c9b,441
8c9c,256
8ca7,848
8cah,8346
8cai,1552
8cam,2767
8cas,8972
8caz,1095
8cbj,6469
8cep,1304
8ceu,3068
8cf1,988
8cf8,1102
8cgd,3059
8cgi,841
8cgj,1523
8cgk,2792
8cgr,1272
8cgu,1266
8cgv,2819
8ch6,16922
8ci5,1258
8crx,5746
8csp,6645
8csq,6265
8csr,6354
8css,6062
8cst,5810
8csu,6119
8cth,495
8cti,473
8cvj,5788
8cvk,5787
8cvl,5791
8cvm,3334
8cvo,931
8cwo,1508
8cx0,889
8cx1,1781
8cx2,1756
8d1v,1229
8d29,436
8d49,1072
8d4b,1166
8d6j,810
8d71,810
8d8j,3402
8d8k,6864
8d8l,6734
8d8n,1256
8d97,1600
8d9e,1256
8d9f,1912
8d9g,1965
8d9h,1936
8d9i,1256
8d9k,546
8d9l,553
8dex,2857
8dfo,2912
8dfs,3082
8dfv,1917
8dg5,1887
8dg7,1816
8dga,1811
8dk7,434
8do6,1450
8dp3,441
8dvr,635
8dvs,682
8dvu,669
8dzk,349
8e0f,838
8e28,690
8e29,692
8e2a,686
8e30,1179
8e32,1179
8e33,1179
8e35,1179
8e36,1179
8e3h,2502
8e3i,1671
8e3l,1179
8e3m,1179
8e3o,1179
8e40,636
8e41,1182
8e42,1179
8e43,1179
8e44,1179
8e45,1179
8e46,1179
8e47,1179
8e48,1179
8e49,1179
8e4x,838
8e5l,2502
8e5p,2502
8e5t,5158
8e6w,2502
8edj,373
8eex,2008
8eey,2393
8eg0,584
8eiu,5593
8ekb,5777
8ekc,5559
8emm,5593
8enk,813
8esq,10263
8esr,9286
8etc,6128
8etg,7394
8eth,6161
8eti,7639
8etj,4979
8eug,7108
8eui,7155
8eup,6156
8euy,6123
8ev3,6605
8ev6,5785
8ev7,5785
8ewg,1017
8fc1,5921
8fc2,5921
8fc3,5921
8fc4,5921
8fc5,5921
8fc6,5921
8fd2,2979
8ffr,4601
8ffy,770
8fiz,5949
8fjk,23916
8fjl,23916
8fkp,7963
8fkq,6882
8fkr,9101
8fks,8026
8fkt,10797
8fku,9435
8fkv,12248
8fkw,10864
8fkx,10793
8fky,12402
8fkz,8099
8fl0,5867
8fl2,13357
8fl3,13006
8fl4,12629
8fl6,9066
8fl7,8711
8fl9,7690
8fla,9002
8flb,8647
8flc,7626
8fld,8505
8fle,8150
8flf,7133
8fn6,2729
8fnc,2065
8fnf,2065
8fni,3559
8fnk,3656
8fom,5833
8fon,5850
8fr8,6298
8fto,5584
8fzr,503
8g5y,11803
8g5z,12624
8g60,12454
8g61,11814
8g6j,12481
8g6r,1075
8g6w,5585
8g6x,3177
8g6y,3175
8g9z,1844
8ghu,1828
8glp,11457
8gna,1188
8gs2,1916
8gu6,1870
8gwb,2655
8gwe,2668
8gwf,2668
8gwg,2668
8gwi,2668
8gwn,2655
8gwo,2655
8gxb,467
8gxc,469
8gzp,854
8gzq,1260
8gzr,1324
8h0i,1710
8h0s,358
8h1b,382
8h1c,1966
8h2h,599
8h69,2153
8h9d,946
8hfr,10776
8hio,719
8hj4,1163
8hk1,4205
8hku,4922
8hkv,4474
8hkx,3419
8hky,8134
8hkz,8134
8hmy,1368
8hmz,1367
8hnt,1088
8hra,5885
8hrb,11778
8huj,621
8i88,883
8i9p,5869
8i9r,8820
8i9t,10454
8i9v,11303
8i9w,10762
8i9x,12688
8i9y,12049
8i9z,12914
8ia0,13904
8id2,184
8idf,459
8idt,8155
8idy,8949
8ie3,7863
8ine,9481
8inf,10463
8ink,8896
8ipd,8564
8ipx,9837
8ipy,10169
8ir1,8866
8ir3,10361
8j62,1182
8j7r,238
8ja0,1114
8joz,257
8oin,15147
8oip,6161
8oiq,9379
8oir,15179
8ois,6149
8oit,9412
8oiv,580
8p2k,12598
8p5d,10777
8p60,21554
8sh5,440
8syl,5550
8t8b,11851
8t8c,11851
